url,reason,status_code
https://cs.illinois.edu/about/people/all-faculty/luzh,request_error:ReadTimeout,
https://cs.illinois.edu/about/people/all-faculty/ludaesch,request_error:ConnectionError,
https://cs.illinois.edu/about/people/all-faculty/lumetta,request_error:ConnectionError,
https://cs.illinois.edu/about/people/all-faculty/nl27,request_error:ConnectionError,
https://cs.illinois.edu/about/people/all-faculty/jiaqima,request_error:ConnectionError,
https://cs.illinois.edu/about/people/all-faculty/marinov,request_error:ConnectionError,
https://cs.illinois.edu/about/people/all-faculty/dlivm,request_error:ConnectionError,
https://cs.illinois.edu/about/people/all-faculty/rutameht,request_error:ConnectionError,
https://cs.illinois.edu/about/people/all-faculty/meidani,request_error:ConnectionError,
https://cs.illinois.edu/about/people/all-faculty/charithm,request_error:ConnectionError,
https://cs.illinois.edu/about/people/all-faculty/meseguer,request_error:ConnectionError,
https://cs.illinois.edu/about/people/all-faculty/mickunas,request_error:ConnectionError,
https://cs.illinois.edu/about/people/all-faculty/milenkov,request_error:ConnectionError,
https://cs.illinois.edu/about/people/all-faculty/soc1024,request_error:ConnectionError,
https://cs.illinois.edu/about/people/all-faculty/misailo,request_error:ConnectionError,
https://cs.illinois.edu/about/people/all-faculty/mitras,request_error:ConnectionError,
https://cs.illinois.edu/about/people/all-faculty/radhikam,request_error:ConnectionError,
https://cs.illinois.edu/about/people/all-faculty/sibin,request_error:ConnectionError,
https://cs.illinois.edu/about/people/all-faculty/moralesa,request_error:ConnectionError,
https://cs.illinois.edu/about/people/all-faculty/wsmoses,request_error:ConnectionError,
https://cs.illinois.edu/about/people/all-faculty/cmouza,request_error:ConnectionError,
https://cs.illinois.edu/about/people/all-faculty/nagi,request_error:ConnectionError,
https://cs.illinois.edu/about/people/all-faculty/klara,request_error:ConnectionError,
https://cs.illinois.edu/about/people/all-faculty/ymn,request_error:ConnectionError,
https://cs.illinois.edu/about/people/all-faculty/dmnicol,request_error:ConnectionError,
https://cs.illinois.edu/about/people/all-faculty/mnowak1,request_error:ConnectionError,
https://cs.illinois.edu/about/people/all-faculty/lukeo,request_error:ConnectionError,
https://cs.illinois.edu/about/people/all-faculty/mornik,request_error:ConnectionError,
https://cs.illinois.edu/about/people/all-faculty/padua,request_error:ConnectionError,
https://cs.illinois.edu/about/people/all-faculty/adityagp,request_error:ConnectionError,
https://cs.illinois.edu/about/people/all-faculty/yongjoo,request_error:ConnectionError,
https://cs.illinois.edu/about/people/all-faculty/madhu,request_error:ConnectionError,
https://cs.illinois.edu/about/people/all-faculty/sjp,request_error:ConnectionError,
https://cs.illinois.edu/about/people/all-faculty/haopeng,request_error:ConnectionError,
https://cs.illinois.edu/about/people/all-faculty/pitt,request_error:ConnectionError,
https://cs.illinois.edu/about/people/all-faculty/deanp,request_error:ConnectionError,
https://cs.illinois.edu/about/people/all-faculty/mmp,request_error:ConnectionError,
https://cs.illinois.edu/about/people/all-faculty/mrabbi,request_error:ConnectionError,
https://cs.illinois.edu/about/people/all-faculty/maxim,request_error:ConnectionError,
https://cs.illinois.edu/about/people/all-faculty/rwerger,request_error:ConnectionError,
https://cs.illinois.edu/about/people/all-faculty/braycha,request_error:ConnectionError,
https://cs.illinois.edu/about/people/all-faculty/jrehg,request_error:ConnectionError,
https://cs.illinois.edu/about/people/all-faculty/j-reid1,request_error:ConnectionError,
https://cs.illinois.edu/about/people/all-faculty/reingold,request_error:ConnectionError,
https://cs.illinois.edu/about/people/all-faculty/renling,request_error:ConnectionError,
https://cs.illinois.edu/about/people/all-faculty/tringer,request_error:ConnectionError,
https://cs.illinois.edu/about/people/all-faculty/generobi,request_error:ConnectionError,
https://cs.illinois.edu/about/people/all-faculty/adr0,request_error:ConnectionError,
https://cs.illinois.edu/about/people/all-faculty/pdr,request_error:ConnectionError,
https://cs.illinois.edu/about/people/all-faculty/grosu,request_error:ConnectionError,
https://cs.illinois.edu/about/people/all-faculty/croy,request_error:ConnectionError,
https://cs.illinois.edu/about/people/all-faculty/rutenbar,request_error:ConnectionError,
https://cs.illinois.edu/about/people/all-faculty/ksaha2,request_error:ConnectionError,
https://cs.illinois.edu/about/people/all-faculty/ruhi,request_error:ConnectionError,
https://cs.illinois.edu/about/people/all-faculty/drschatz,request_error:ConnectionError,
https://cs.illinois.edu/about/people/all-faculty/aschwing,request_error:ConnectionError,
https://cs.illinois.edu/about/people/all-faculty/jseo1005,request_error:ConnectionError,
https://cs.illinois.edu/about/people/all-faculty/lrs,request_error:ConnectionError,
https://cs.illinois.edu/about/people/all-faculty/shaffer1,request_error:ConnectionError,
https://cs.illinois.edu/about/people/all-faculty/ilans,request_error:ConnectionError,
https://cs.illinois.edu/about/people/all-faculty/shultz88,request_error:ConnectionError,
https://cs.illinois.edu/about/people/all-faculty/mfsilva,request_error:ConnectionError,
https://cs.illinois.edu/about/people/all-faculty/ggnds,request_error:ConnectionError,
https://cs.illinois.edu/about/people/all-faculty/ritsingh,request_error:ConnectionError,
https://cs.illinois.edu/about/people/all-faculty/msinha,request_error:ConnectionError,
https://cs.illinois.edu/about/people/all-faculty/sinhas,request_error:ConnectionError,
https://cs.illinois.edu/about/people/all-faculty/snir,request_error:ConnectionError,
https://cs.illinois.edu/about/people/all-faculty/bradsol,request_error:ConnectionError,
https://cs.illinois.edu/about/people/all-faculty/solomon2,request_error:ConnectionError,
https://cs.illinois.edu/about/people/all-faculty/elahe,request_error:ConnectionError,
https://cs.illinois.edu/about/people/all-faculty/rsrikant,request_error:ConnectionError,
https://cs.illinois.edu/about/people/all-faculty/harshast,request_error:ConnectionError,
https://cs.illinois.edu/about/people/all-faculty/ssterman,request_error:ConnectionError,
https://cs.illinois.edu/about/people/all-faculty/sharifas,request_error:ConnectionError,
https://cs.illinois.edu/about/people/all-faculty/jimeng,request_error:ConnectionError,
https://cs.illinois.edu/about/people/all-faculty/hs1,request_error:ConnectionError,
https://cs.illinois.edu/about/people/all-faculty/rubyt,request_error:ConnectionError,
https://cs.illinois.edu/about/people/all-faculty/nishil,request_error:ConnectionError,
https://cs.illinois.edu/about/people/all-faculty/talton,request_error:ConnectionError,
https://cs.illinois.edu/about/people/all-faculty/miketiss,request_error:ConnectionError,
https://cs.illinois.edu/about/people/all-faculty/htong,request_error:ConnectionError,
https://cs.illinois.edu/about/people/all-faculty/torrella,request_error:ConnectionError,
https://cs.illinois.edu/about/people/all-faculty/gokhan,request_error:ConnectionError,
https://cs.illinois.edu/about/people/all-faculty/twidale,request_error:ConnectionError,
https://cs.illinois.edu/about/people/all-faculty/luthert,request_error:ConnectionError,
https://cs.illinois.edu/about/people/all-faculty/varshney,request_error:ConnectionError,
https://cs.illinois.edu/about/people/all-faculty/deepakv,request_error:ConnectionError,
https://cs.illinois.edu/about/people/all-faculty/vmahesh,request_error:ConnectionError,
https://cs.illinois.edu/about/people/all-faculty/yvlasov,request_error:ConnectionError,
https://cs.illinois.edu/about/people/all-faculty/dwang24,request_error:ConnectionError,
https://cs.illinois.edu/about/people/all-faculty/gangw,request_error:ConnectionError,
https://cs.illinois.edu/about/people/all-faculty/wangge,request_error:ConnectionError,
https://cs.illinois.edu/about/people/all-faculty/haohanw,request_error:ConnectionError,
https://cs.illinois.edu/about/people/all-faculty/shaowen,request_error:ConnectionError,
https://cs.illinois.edu/about/people/all-faculty/shenlong,request_error:ConnectionError,
https://cs.illinois.edu/about/people/all-faculty/yvw,request_error:ConnectionError,
https://cs.illinois.edu/about/people/all-faculty/yxw,request_error:ConnectionError,
https://cs.illinois.edu/about/people/all-faculty/warnow,request_error:ConnectionError,
https://cs.illinois.edu/about/people/all-faculty/tiffani,request_error:ConnectionError,
https://cs.illinois.edu/about/people/all-faculty/winslett,request_error:ConnectionError,
https://cs.illinois.edu/about/people/all-faculty/mwoodley,request_error:ConnectionError,
https://cs.illinois.edu/about/people/all-faculty/arwool,request_error:ConnectionError,
https://cs.illinois.edu/about/people/all-faculty/lxing2,request_error:ConnectionError,
https://cs.illinois.edu/about/people/all-faculty/tyxu,request_error:ConnectionError,
https://cs.illinois.edu/about/people/all-faculty/xyz,request_error:ConnectionError,
https://cs.illinois.edu/about/people/all-faculty/fyy,request_error:ConnectionError,
https://cs.illinois.edu/about/people/all-faculty/jiaxuan,request_error:ConnectionError,
https://cs.illinois.edu/about/people/all-faculty/yuanwz,request_error:ConnectionError,
https://cs.illinois.edu/about/people/all-faculty/czhai,request_error:ConnectionError,
https://cs.illinois.edu/about/people/all-faculty/huanz,request_error:ConnectionError,
https://cs.illinois.edu/about/people/all-faculty/lingming,request_error:ConnectionError,
https://cs.illinois.edu/about/people/all-faculty/minjiaz,request_error:ConnectionError,
https://cs.illinois.edu/about/people/all-faculty/tozhang,request_error:ConnectionError,
https://cs.illinois.edu/about/people/all-faculty/zhangyp,request_error:ConnectionError,
https://ece.illinois.edu/about/directory/faculty/itabrah2,request_error:ConnectionError,
